{"cameraMode":{"drawMode":0,"name":"Shaded","section":"Shading Mode"},"sceneLighting":false,"audioPlay":false,"sceneViewState":{"showFog":true,"showMaterialUpdate":true,"showSkybox":false,"showFlares":true,"showImageEffects":true,"showParticleSystems":true},"in2DMode":false,"pivot":{"x":560.0999755859375,"y":991.9000244140625,"z":0.0},"rotation":{"x":0.3495330214500427,"y":-0.0028896627482026817,"z":0.0007938762428238988,"w":0.9371266961097717},"size":102.94226837158203,"orthographic":true}