{"cameraMode":{"drawMode":0,"name":"Shaded","section":"Shading Mode"},"sceneLighting":false,"audioPlay":false,"sceneViewState":{"showFog":true,"showMaterialUpdate":true,"showSkybox":false,"showFlares":true,"showImageEffects":true,"showParticleSystems":true},"in2DMode":false,"pivot":{"x":0.26428911089897158,"y":0.048815786838531497,"z":-0.2621079683303833},"rotation":{"x":-0.08888918906450272,"y":-0.010026322677731514,"z":0.0010624454589560629,"w":-0.9961329102516174},"size":0.41636672616004946,"orthographic":true}