{"cameraMode":{"drawMode":0,"name":"Shaded","section":"Shading Mode"},"sceneLighting":false,"audioPlay":false,"sceneViewState":{"showFog":true,"showMaterialUpdate":true,"showSkybox":false,"showFlares":true,"showImageEffects":true,"showParticleSystems":true},"in2DMode":false,"pivot":{"x":0.0,"y":0.08767271041870117,"z":-0.0036773681640625},"rotation":{"x":-0.01409215573221445,"y":-0.985672116279602,"z":0.12089905142784119,"w":-0.11809904128313065},"size":1.2629867792129517,"orthographic":true}