{"cameraMode":{"drawMode":0,"name":"Shaded","section":"Shading Mode"},"sceneLighting":false,"audioPlay":false,"sceneViewState":{"showFog":true,"showMaterialUpdate":true,"showSkybox":false,"showFlares":true,"showImageEffects":true,"showParticleSystems":true},"in2DMode":false,"pivot":{"x":4.152533531188965,"y":5.917303085327148,"z":14.541580200195313},"rotation":{"x":0.065789595246315,"y":0.3558855354785919,"z":-0.025184888392686845,"w":0.9319225549697876},"size":19.456941604614259,"orthographic":true}