{"cameraMode":{"drawMode":0,"name":"Shaded","section":"Shading Mode"},"sceneLighting":false,"audioPlay":false,"sceneViewState":{"showFog":true,"showMaterialUpdate":true,"showSkybox":true,"showFlares":true,"showImageEffects":true,"showParticleSystems":true},"in2DMode":false,"pivot":{"x":0.0,"y":-0.02951490879058838,"z":0.03537750244140625},"rotation":{"x":0.1987241506576538,"y":0.5627958178520203,"z":-0.1416555643081665,"w":0.7899331450462341},"size":88.5672836303711,"orthographic":true}