{"cameraMode":{"drawMode":0,"name":"Shaded","section":"Shading Mode"},"sceneLighting":false,"audioPlay":false,"sceneViewState":{"showFog":true,"showMaterialUpdate":true,"showSkybox":false,"showFlares":true,"showImageEffects":true,"showParticleSystems":true},"in2DMode":false,"pivot":{"x":0.0000022649765014648439,"y":1.2683767080307007,"z":-0.04127180576324463},"rotation":{"x":-0.04702684283256531,"y":0.9368975758552551,"z":-0.13717637956142426,"w":-0.3186526298522949},"size":7.682038307189941,"orthographic":true}