{"cameraMode":{"drawMode":0,"name":"Shaded","section":"Shading Mode"},"sceneLighting":false,"audioPlay":false,"sceneViewState":{"showFog":true,"showMaterialUpdate":true,"showSkybox":false,"showFlares":true,"showImageEffects":true,"showParticleSystems":true},"in2DMode":false,"pivot":{"x":12.885025024414063,"y":-308.04644775390627,"z":-2180.8798828125},"rotation":{"x":-0.23068945109844209,"y":0.7293084859848023,"z":-0.2935372292995453,"w":-0.5738030672073364},"size":0.24247577786445619,"orthographic":true}