{"cameraMode":{"drawMode":0,"name":"Shaded","section":"Shading Mode"},"sceneLighting":false,"audioPlay":false,"sceneViewState":{"showFog":true,"showMaterialUpdate":true,"showSkybox":false,"showFlares":true,"showImageEffects":true,"showParticleSystems":true},"in2DMode":false,"pivot":{"x":-0.4520297050476074,"y":2.3331027030944826,"z":0.7670483589172363},"rotation":{"x":0.06990881264209748,"y":-0.23535054922103883,"z":0.01697082817554474,"w":0.9692606925964356},"size":5.083578586578369,"orthographic":true}