{"cameraMode":{"drawMode":0,"name":"Shaded","section":"Shading Mode"},"sceneLighting":false,"audioPlay":false,"sceneViewState":{"showFog":true,"showMaterialUpdate":true,"showSkybox":false,"showFlares":true,"showImageEffects":true,"showParticleSystems":true},"in2DMode":false,"pivot":{"x":0.006003137677907944,"y":0.04760153591632843,"z":-0.04257684946060181},"rotation":{"x":0.12122584134340286,"y":0.6661835312843323,"z":-0.11016672104597092,"w":0.7279513478279114},"size":0.3524061143398285,"orthographic":true}