{"cameraMode":{"drawMode":0,"name":"Shaded","section":"Shading Mode"},"sceneLighting":false,"audioPlay":false,"sceneViewState":{"showFog":true,"showMaterialUpdate":true,"showSkybox":false,"showFlares":true,"showImageEffects":true,"showParticleSystems":true},"in2DMode":false,"pivot":{"x":5.960464477539063e-8,"y":0.8072789907455444,"z":0.07532685250043869},"rotation":{"x":-0.05871252715587616,"y":-0.9083914756774902,"z":0.13635534048080445,"w":-0.3910462260246277},"size":1.720005989074707,"orthographic":true}