{"cameraMode":{"drawMode":0,"name":"Shaded","section":"Shading Mode"},"sceneLighting":false,"audioPlay":false,"sceneViewState":{"showFog":true,"showMaterialUpdate":true,"showSkybox":false,"showFlares":true,"showImageEffects":true,"showParticleSystems":true},"in2DMode":false,"pivot":{"x":0.2573429048061371,"y":0.07834569364786148,"z":-0.08264356851577759},"rotation":{"x":0.029944444075226785,"y":-0.6903108954429627,"z":0.028734324499964715,"w":0.7227031588554382},"size":0.22460322082042695,"orthographic":true}