{"cameraMode":{"drawMode":0,"name":"Shaded","section":"Shading Mode"},"sceneLighting":false,"audioPlay":false,"sceneViewState":{"showFog":true,"showMaterialUpdate":true,"showSkybox":false,"showFlares":true,"showImageEffects":true,"showParticleSystems":true},"in2DMode":false,"pivot":{"x":0.20411209762096406,"y":0.1508254110813141,"z":0.26958492398262026},"rotation":{"x":0.11758740991353989,"y":0.7714831829071045,"z":-0.14539653062820435,"w":0.6089263558387756},"size":0.5021899342536926,"orthographic":true}