{"cameraMode":{"drawMode":0,"name":"Shaded","section":"Shading Mode"},"sceneLighting":false,"audioPlay":false,"sceneViewState":{"showFog":true,"showMaterialUpdate":true,"showSkybox":false,"showFlares":true,"showImageEffects":true,"showParticleSystems":true},"in2DMode":false,"pivot":{"x":-1.8435401916503907,"y":15.855225563049317,"z":-1.260880947113037},"rotation":{"x":0.007464204914867878,"y":0.9819694757461548,"z":-0.18478204309940339,"w":0.03969266265630722},"size":79.14305877685547,"orthographic":true}