{"cameraMode":{"drawMode":0,"name":"Shaded","section":"Shading Mode"},"sceneLighting":false,"audioPlay":false,"sceneViewState":{"showFog":true,"showMaterialUpdate":true,"showSkybox":false,"showFlares":true,"showImageEffects":true,"showParticleSystems":true},"in2DMode":false,"pivot":{"x":-0.0009355098009109497,"y":0.0754198431968689,"z":-0.0011072680354118348},"rotation":{"x":-0.03550461679697037,"y":-0.8514254093170166,"z":0.054459039121866229,"w":-0.5213404297828674},"size":0.30022504925727847,"orthographic":true}