{"cameraMode":{"drawMode":0,"name":"Shaded","section":"Shading Mode"},"sceneLighting":false,"audioPlay":false,"sceneViewState":{"showFog":true,"showMaterialUpdate":true,"showSkybox":false,"showFlares":true,"showImageEffects":true,"showParticleSystems":true},"in2DMode":false,"pivot":{"x":-1.8435401916503907,"y":15.855225563049317,"z":-1.260880470275879},"rotation":{"x":0.11108405143022537,"y":-0.2645794749259949,"z":0.03068745881319046,"w":0.957471489906311},"size":56.222740173339847,"orthographic":true}